stress_id,capacitor_id,window_start_day,window_end_day,n_samples_total,VO_mean_V,VO_std_V,VO_min_V,VO_max_V,VO_rms_V,VL_mean_V,VL_std_V,VL_rms_V,VL_valid_pct
ES10,ES10C1,0,10,6205,-0.022013870146002153,0.11698809466457809,-0.2677535025686213,0.2783113055087525,0.11904127339731095,0.048998237844971065,0.08361093227824745,0.09691034675590648,67.36502820306205
ES10,ES10C1,10,20,5461,-0.027726138105051958,0.1156259611925232,-0.26417808197854703,0.2287623681195772,0.11890374946113053,0.05693891206286265,0.07432106022318509,0.09362510186697108,59.97070133675151
ES10,ES10C1,20,30,1536,-0.034794790734416256,0.11379171105896832,-0.25651556678176524,0.19147314016893488,0.11899256686020161,0.0639404874257877,0.06620943903542682,0.09204387947948096,51.106770833333336
ES10,ES10C1,30,40,6313,-0.029292100843585727,0.11694890319462688,-0.2611127610235164,0.2302942414062977,0.12056149107512318,0.06143108189083388,0.07401126596458867,0.09618443383395996,56.755900522730876
ES10,ES10C1,40,50,779,-0.010287684330398407,0.11740965972341162,-0.2263771800112714,0.20373127522587814,0.11785951232399203,0.07407673232943031,0.07427076585210714,0.10489761166425376,62.64441591784339
ES10,ES10C1,60,70,4220,-0.02306700753083065,0.11731903279972425,-0.26468818161359065,0.19760220769740652,0.11956522192297464,0.0713126157482489,0.07040722650765976,0.10021310647494322,56.56398104265403
ES10,ES10C1,70,80,7200,-0.022614002848634553,0.11790746146421088,-0.26468818161359065,0.22825069410294396,0.12005649750751696,0.06562243994200653,0.07510762153673192,0.09973695121090885,59.263888888888886
ES10,ES10C1,80,90,5037,-0.03510097847235667,0.11601432943366752,-0.26213453467519326,0.20127447067492335,0.12120809924943292,0.047048739289047015,0.07758727427325579,0.09073791378383204,60.929124478856465
ES10,ES10C1,90,100,6832,-0.026309195052067753,0.11744411406353975,-0.26395225485134527,0.2309907928293641,0.1203548655952782,0.06474516477309353,0.07329768445792509,0.09779819481150244,56.835480093676814
ES10,ES10C1,100,110,7198,-0.032342072234550705,0.11894286336551567,-0.2660019830985801,0.2309907928293641,0.12326156895810074,0.06124358654609458,0.07333565355973742,0.09554525093411395,57.01583773270353
ES10,ES10C1,110,120,4789,-0.018119256187929332,0.11647534163891807,-0.2619025266041105,0.23252887858653412,0.1178762599283948,0.07362235900613316,0.07089834660591729,0.10220972212603233,56.963875548131135
ES10,ES10C1,140,150,2088,-0.019103237031536126,0.11732123761115859,-0.26395225485134527,0.19871152079413598,0.1188663386316622,0.07139377119717777,0.07182152689510618,0.10126896015709567,58.333333333333336
ES10,ES10C1,150,160,6718,-0.026479853332141087,0.11813298784063543,-0.26753848971226224,0.2320156569529815,0.12106438555019979,0.06252218445048192,0.07498607758367827,0.09763163104161222,58.57398035129503
ES10,ES10C1,160,170,6848,-0.028217946425922034,0.11785950859973487,-0.2654887614650274,0.30784612723974125,0.12119041326716888,0.046162980275807244,0.08544865881355151,0.09712102780026219,63.85806074766355
ES10,ES10C1,170,180,4602,-0.035433634574497296,0.11878055037957563,-0.26395225485134527,0.20127447067492335,0.12395306211479373,0.0716126153362658,0.06554091013211814,0.09707717330169002,50.45632333767927
ES10,ES10C2,0,10,6205,-0.01656793289536801,0.11688180307151974,-0.25934683299477734,0.2846968427629308,0.11805021088365299,0.0077548803938790704,0.10463858214032638,0.10492554999742056,88.50926672038679
ES10,ES10C2,10,20,5461,-0.022229867583220417,0.11547545568777903,-0.25730668887283054,0.2331505645237655,0.1175956966860086,0.016212732913410858,0.09469390842897198,0.09607179087576187,81.02911554660318
ES10,ES10C2,20,30,1536,-0.02947994378748317,0.11372082792973753,-0.2511815375922901,0.19691559151438462,0.11747975906826733,0.018468179121331134,0.0871539409851465,0.08908918604016973,75.45572916666667
ES10,ES10C2,30,40,6313,-0.023961464044005246,0.1168392051676788,-0.2583275474195873,0.2346810658581173,0.1192709169217169,0.017555892850339205,0.09502894657052513,0.09663700150602932,79.45509266592745
ES10,ES10C2,40,50,779,-0.005043199017184911,0.11742543513965771,-0.21953964155753125,0.2076322467979804,0.11753368314685325,0.027105011100310335,0.10054829904729483,0.10413761120772926,85.75096277278563
ES10,ES10C2,60,70,4220,-0.01790623638122522,0.11721992471498562,-0.25985804875393903,0.2030391698233584,0.11857969493773884,0.02455167765440257,0.09523020748839409,0.09834417773273758,79.71563981042654
ES10,ES10C2,70,80,7200,-0.01739381578694692,0.1178237345663266,-0.25934683299477734,0.23417142307052224,0.11910070215908228,0.019841759083498813,0.09873754576240645,0.10071146085084318,82.25
ES10,ES10C2,80,90,5037,-0.029936825467420616,0.11596381632573749,-0.25730668887283054,0.20364500165311303,0.11976568880900818,0.007054874391865871,0.09721077066641091,0.0974664310736909,81.67560055588645
ES10,ES10C2,90,100,6832,-0.021155013264716273,0.11732516569994486,-0.2611445812181065,0.2374291205359745,0.1192171510008096,0.020926410065849027,0.09489485566210652,0.0971748335186436,79.34718969555036
ES10,ES10C2,100,110,7198,-0.027187551105263462,0.11882371571179359,-0.2601206766157446,0.23589405246494508,0.12189437374488807,0.01743573975219523,0.0961021935531144,0.09767106340378683,78.68852459016394
ES10,ES10C2,110,120,4789,-0.012950525193360946,0.11633874818960041,-0.25705054047368575,0.23589405246494508,0.1170573382283534,0.030359519317841983,0.09310924897312849,0.09793381774213875,78.86823971601586
ES10,ES10C2,140,150,2088,-0.014001807811191341,0.1172029152124807,-0.2560266358713239,0.2041561651217806,0.11803632473220048,0.028940810650989617,0.09493851320226739,0.09925165897955325,79.21455938697318
ES10,ES10C2,150,160,6718,-0.021359855741119718,0.11803045735633715,-0.2601206766157446,0.24561877968984272,0.1199476231570579,0.020496376842731822,0.09576400896778361,0.09793286923837681,79.84519202143495
ES10,ES10C2,160,170,6848,-0.023097606211371264,0.11770825665792167,-0.2601206766157446,0.30806907210878315,0.11995304538919695,0.007452591150832039,0.10352693650979566,0.10379483464009528,84.15595794392523
ES10,ES10C2,170,180,4602,-0.03028485229100565,0.11871040734585084,-0.2626812269541627,0.20722787892886618,0.12251258339658774,0.027297293915716975,0.08844540886071388,0.09256204731778508,71.75141242937853
ES10,ES10C3,0,10,6205,-0.031340950346880496,0.11856436952335948,-0.2781540597186477,0.27228573633488723,0.12263671917136956,0.08181945436022596,0.06868330320168076,0.10682611689329118,51.136180499597096
ES10,ES10C3,10,20,5461,-0.03712220063404085,0.11721247615264067,-0.2776353746221772,0.2225765526432939,0.12295048737498905,0.0943725626074647,0.05790582644367903,0.11072156659488397,41.933711774400294
ES10,ES10C3,20,30,1536,-0.044432825796018115,0.11540994510194391,-0.2714223251435316,0.1842576936701936,0.12366782700707975,0.09803167160424762,0.0516843613581292,0.11082184733400147,34.700520833333336
ES10,ES10C3,30,40,6313,-0.03883101692109802,0.11850988105217668,-0.2740109627634554,0.2251651902632176,0.12470942138478418,0.09681870715240985,0.058777477008810836,0.11326364755818784,39.85426896879455
ES10,ES10C3,40,50,779,-0.019671595550821735,0.11913426180993177,-0.2372465631256237,0.19875693705922384,0.12074743893148408,0.111316894448777,0.05537167953606115,0.12432808968356432,45.057766367137354
ES10,ES10C3,60,70,4220,-0.03258736015269803,0.11893626075432404,-0.27711828547984957,0.19150651738763724,0.12331978820911998,0.1050675667362074,0.053659741184114554,0.11797695285017984,41.06635071090047
ES10,ES10C3,70,80,7200,-0.03213318390842819,0.11957434863892236,-0.2781540597186477,0.22309364178562144,0.12381666430862777,0.10082480699013943,0.05846360002101968,0.11654884912351833,42.68055555555556
ES10,ES10C3,80,90,5037,-0.04480182818695602,0.11765507750628545,-0.2786711488609752,0.19260366144934846,0.12589646965623605,0.08109034381378862,0.06293159819663804,0.1026451650659764,44.252531268612266
ES10,ES10C3,90,100,6832,-0.035982340860702226,0.11903466350276824,-0.27743283225374776,0.22480458609791143,0.12435425191376863,0.10006362830281466,0.05860115597507131,0.11596044666496627,39.62236533957845
ES10,ES10C3,100,110,7198,-0.04204155709429699,0.1205739793083922,-0.2795106210881997,0.22376569168068544,0.12769329273369695,0.09611893380407514,0.05727466923905616,0.1118893970493874,40.5390386218394
ES10,ES10C3,110,120,4789,-0.02766013400955418,0.1180364297384443,-0.2737975021743639,0.22428593927020538,0.1212339958873962,0.10971964464225896,0.05409896852021284,0.12233192067230272,40.00835247442055
ES10,ES10C3,140,150,2088,-0.02866404661424047,0.11887759222544987,-0.27327885534665786,0.19104451944260256,0.12228454318360799,0.10888227519514858,0.055162210095826066,0.1220582618028297,40.08620689655172
ES10,ES10C3,150,160,6718,-0.03619301457291165,0.11972127731699755,-0.27847172667097375,0.22584348051513736,0.12507245318729632,0.09871085895647162,0.05897477858551923,0.11498633912398223,41.54510270913963
ES10,ES10C3,160,170,6848,-0.03798651017492373,0.11943541930362282,-0.27743283225374776,0.298036237560551,0.12533073980273865,0.08013501839445812,0.07146450081220354,0.10737223127707453,46.933411214953274
ES10,ES10C3,170,180,4602,-0.045368966085980136,0.12045640123816287,-0.27691418542604174,0.19364255586657442,0.12871708388151162,0.10731968801189015,0.0499595197913666,0.1183784991151408,33.98522381573229
ES10,ES10C4,0,10,6205,-0.02394983575362299,0.11665485036677559,-0.26751553905286424,0.2744784507669573,0.11908798741569328,0.1397282069957688,0.04360230046664854,0.14637326407591078,20.96696212731668
ES10,ES10C4,10,20,5461,-0.02955954146676807,0.11526882306430404,-0.2644603358520469,0.22761420845226127,0.11899860529584122,0.15532233065741047,0.03331652116179974,0.1588553335055975,12.799853506683757
ES10,ES10C4,20,30,1536,-0.036662057155394355,0.11352223676103385,-0.2603846382624673,0.18839111412234336,0.11929545118777005,0.15823367418713655,0.02450566423645533,0.16012002756192234,7.421875
ES10,ES10C4,30,40,6313,-0.031232981578700334,0.11653778709538527,-0.2639500886576658,0.2265952840548664,0.1206505489394258,0.1528374342722381,0.03898704173466996,0.15773164152490646,12.450498970378584
ES10,ES10C4,40,50,779,-0.012462015591531872,0.11711499538872847,-0.22574591872514274,0.20367341009189951,0.11777616048040229,0.17177289025846004,0.030908526753183056,0.17453155260237957,14.890885750962774
ES10,ES10C4,60,70,4220,-0.025102305696609165,0.11703156318941482,-0.2659879374524556,0.19552358490410762,0.11969341056985557,0.16464326227168097,0.029143333821191327,0.16720268454087364,12.037914691943127
ES10,ES10C4,70,80,7200,-0.024607189408466776,0.1176157627949776,-0.27057231224504896,0.22761420845226127,0.12016231284570299,0.15625755589299062,0.03892631512010757,0.16103316982063354,14.625
ES10,ES10C4,80,90,5037,-0.03709850323630622,0.1157274519446951,-0.2659879374524556,0.1960929559963314,0.12152835914298332,0.1378099208477514,0.04190423428126248,0.14404006086767127,14.572165971808616
ES10,ES10C4,90,100,6832,-0.028362556773192722,0.11708109037334807,-0.26471871997314256,0.23032081157011813,0.12046749084182287,0.1575530097966246,0.04047805398957025,0.16266967680166408,11.73887587822014
ES10,ES10C4,100,110,7198,-0.03439945126166833,0.1186090839830589,-0.26625076999951547,0.22827702849279846,0.12349670866223203,0.15599363777862435,0.03896594608445734,0.1607866909344971,11.767157543762156
ES10,ES10C4,110,120,4789,-0.020173249703833183,0.11606643822435764,-0.2621647784081098,0.22623481997871248,0.11780652819645367,0.1683526812171912,0.031316360166006404,0.17124059006866404,11.06702860722489
ES10,ES10C4,140,150,2088,-0.021124872738505173,0.11690283508199552,-0.2636968284344827,0.1966031144840445,0.1187961830128657,0.16642401420897499,0.03175297076732228,0.1694261008758082,12.404214559386974
ES10,ES10C4,150,160,6718,-0.028564444457089784,0.11777743874364552,-0.26880628612778196,0.2287887615437452,0.12119180072989814,0.1600195080650797,0.0362398809457466,0.16407184990836177,12.622804406073236
ES10,ES10C4,160,170,6848,-0.03030823570514548,0.11752133217062394,-0.26676250305046223,0.2987780972809253,0.12136660441289762,0.13301724045347732,0.05333261646997029,0.1433106912878141,18.42873831775701
ES10,ES10C4,170,180,4602,-0.037547997469579986,0.11845422490332064,-0.26880628612778196,0.1981351645104174,0.1242628484762121,0.16806039025142705,0.024865773970055197,0.16988996876387916,8.213820078226858
ES10,ES10C5,0,10,6205,-0.015332526329106061,0.11596402118041312,-0.25585386187902515,0.2794904978157455,0.1169732472489502,0.08644153196517819,0.0642614242856574,0.10771104446484679,47.78404512489927
ES10,ES10C5,10,20,5461,-0.021085434050815956,0.11461332549080713,-0.25484077399612126,0.22934967210425478,0.11653673201687531,0.09995344111761416,0.05316441682554425,0.11321283322862549,38.198132210217906
ES10,ES10C5,20,30,1536,-0.028286758606652102,0.1127577789854909,-0.24724339537348106,0.19693554284616493,0.1162516986293612,0.10377601738968611,0.046228521369753785,0.11360694509271087,30.859375
ES10,ES10C5,30,40,6313,-0.022713562744450456,0.1159550158641593,-0.2528145982303133,0.23694705072689498,0.1181586714405825,0.10078664533439,0.054622107537711954,0.11463647983788357,36.78124504989704
ES10,ES10C5,40,50,779,-0.0035367429536136623,0.11652870004988947,-0.2163496784388865,0.20757218511751693,0.1165823592403115,0.110731526791545,0.05351469836256654,0.12298493390014538,44.03080872913992
ES10,ES10C5,60,70,4220,-0.01647120630620594,0.11620268521094104,-0.25585386187902515,0.2019994212624059,0.11736423938923923,0.10838968939406869,0.04956091905949882,0.1191830921941736,38.03317535545024
ES10,ES10C5,70,80,7200,-0.01601365442809334,0.11691902438918705,-0.2553480984367126,0.23441511151877448,0.11801057322232492,0.10487407248322478,0.05405611883917978,0.1179857409315728,39.55555555555556
ES10,ES10C5,80,90,5037,-0.028434370689459476,0.11504822052996563,-0.2538276861132173,0.20466225266961396,0.11850994255174205,0.08566210961874145,0.0582153674478417,0.10357135719599557,41.07603732380385
ES10,ES10C5,90,100,6832,-0.019715884762423433,0.11645340753036205,-0.2566522460372481,0.23667018756593977,0.11811059324801373,0.10426437577890715,0.054778743192857776,0.11777848174583601,36.387587822014055
ES10,ES10C5,100,110,7198,-0.025670804719720594,0.11792639927989895,-0.2576684952299351,0.23667018756593977,0.12068813471953314,0.09998726006346105,0.05349349539797728,0.1133975582845222,37.371492081133646
ES10,ES10C5,110,120,4789,-0.011524842793237126,0.1155134150851448,-0.2525872492665,0.23362143998787868,0.11608691169137797,0.11382640576259824,0.050062043308346196,0.12434893979861023,36.813531008561284
ES10,ES10C5,140,150,2088,-0.012600451669543234,0.11639279752554724,-0.25411240599019363,0.2041549110079335,0.1170728606385764,0.11216122928788587,0.05109109017029605,0.12324950649052929,37.26053639846743
ES10,ES10C5,150,160,6718,-0.019886827551312165,0.1171167826413371,-0.2566522460372481,0.2376864367586268,0.11879320976517903,0.10363934757113924,0.05422421562808905,0.1169674310457954,37.98749627865436
ES10,ES10C5,160,170,6848,-0.021523616984755817,0.1169037925523915,-0.2561449043755677,0.2722342117020071,0.11886867880665224,0.08411279208701525,0.06772545424167176,0.1079893464417404,43.910630841121495
ES10,ES10C5,170,180,4602,-0.028574655864119575,0.11777462029271296,-0.2566522460372481,0.20466225266961396,0.121191468935918,0.11159530190149967,0.04632164311367753,0.1208271742086099,30.943068231203824
ES10,ES10C6,0,10,6205,-0.022297970233677692,0.1171322985996213,-0.2665116666273995,0.27963905461249433,0.11923579517817971,0.057512573916706514,0.07953087278743513,0.09814711348203685,63.094278807413374
ES10,ES10C6,10,20,5461,-0.028127521531386306,0.11575658180757747,-0.2675345595079766,0.22543361247257582,0.11912490797172931,0.06728298185998052,0.06982693508836867,0.09696803860966621,54.770188610144665
ES10,ES10C6,20,30,1536,-0.035424526831388435,0.11386185086135682,-0.2578194413016944,0.19219353411915402,0.11924520192779926,0.07119014475792723,0.06239110767670916,0.09466090548785887,47.721354166666664
ES10,ES10C6,30,40,6313,-0.029800093060391226,0.11704295371633014,-0.2619094367178693,0.23054650076932784,0.12077706140261477,0.07015278356675192,0.06954208552562123,0.09878013313119373,52.605734199271346
ES10,ES10C6,40,50,779,-0.010276659648628427,0.11759483626294806,-0.22406870456105074,0.20395443808659042,0.11804302287404923,0.08270997646093889,0.06971392887829651,0.10817103163886924,58.66495507060334
ES10,ES10C6,60,70,4220,-0.02364970227911933,0.11741204656630577,-0.26702390112075475,0.19832931529648315,0.11977018450674333,0.08069579095311503,0.06529292827554029,0.10380258744532185,52.22748815165877
ES10,ES10C6,70,80,7200,-0.023213425564780947,0.11805861196109342,-0.26702390112075475,0.22850071500817368,0.12031915468715552,0.07529901367264423,0.07019159122624093,0.10294076422362894,54.69444444444444
ES10,ES10C6,80,90,5037,-0.035773472799939636,0.1161519956137252,-0.26549034985295583,0.1994472536428947,0.12153611578958273,0.05588299798501846,0.07348258369288074,0.09231792659053169,56.54159221758984
ES10,ES10C6,90,100,6832,-0.027021140290877668,0.1175798776994453,-0.2657852819986584,0.230222774304485,0.12064480785527326,0.07317638651760743,0.06908189387286574,0.10063345171878069,52.69320843091335
ES10,ES10C6,100,110,7198,-0.03304419752308933,0.11905820681456433,-0.2668112907780991,0.23124878308392569,0.12355879410161186,0.07021056985122225,0.06885225292887714,0.09833695567900926,52.820227841066966
ES10,ES10C6,110,120,4789,-0.018722581106476743,0.11660302378907973,-0.26116903294478033,0.22971056036836976,0.11809657149996054,0.08232279818766726,0.06657112660658034,0.10587142201329279,52.87116308206306
ES10,ES10C6,140,150,2088,-0.019792028981118436,0.117449639798662,-0.2627072556603363,0.19790903092733877,0.11910559306776858,0.08187647986620498,0.0665536436903959,0.105513721589892,53.01724137931034
ES10,ES10C6,150,160,6718,-0.02714324089686479,0.118205272743444,-0.2668112907780991,0.23278858670669186,0.12128166403351011,0.07150517381557968,0.07082950712346096,0.10064695207381429,54.16790711521286
ES10,ES10C6,160,170,6848,-0.028890804149229274,0.11803284850937071,-0.2657852819986584,0.302547698265398,0.12151720821194496,0.05561628079203189,0.08130263018614518,0.09850527074387046,59.199766355140184
ES10,ES10C6,170,180,4602,-0.0360682953370346,0.11888613611161927,-0.26732350471421434,0.19790903092733877,0.12423701255290237,0.07959366629011881,0.06167299257129353,0.10069116011945448,46.84919600173838
ES10,ES10C7,0,10,6205,-0.023603010169513546,0.11505902540546672,-0.26234564586559667,0.274739782033158,0.11745501869361734,0.07407693454429332,0.06957029545331438,0.10162390585359811,53.66639806607574
ES10,ES10C7,10,20,5461,-0.029316789836820352,0.11371195466870121,-0.26234564586559667,0.22148401853056326,0.11743033169038165,0.08462308023187302,0.059275514236007625,0.1033182089269513,45.30305804797656
ES10,ES10C7,20,30,1536,-0.03649040324115333,0.11193525612064562,-0.25581410334251153,0.18782133410444943,0.1177329651860366,0.08861113768196605,0.052643564815285836,0.10306929046885664,37.955729166666664
ES10,ES10C7,30,40,6313,-0.031016120584998415,0.115045483670086,-0.25832575862284446,0.22701058924296036,0.11915310759282441,0.08732476005400183,0.059595175270746335,0.10572227123004864,43.180738159353716
ES10,ES10C7,40,50,779,-0.012121744560522516,0.1154954702749372,-0.22365965087881712,0.19786950371855555,0.11612984261256648,0.10069565139140318,0.05804747576603362,0.1162287557016217,48.52374839537869
ES10,ES10C7,60,70,4220,-0.02503121182379536,0.11536391330158147,-0.26184238571386537,0.1918412213472017,0.11804827003231566,0.09617552625501895,0.05465528092325942,0.11062066526300703,43.76777251184834
ES10,ES10C7,70,80,7200,-0.024533662333417073,0.1159680005427511,-0.26134067405490863,0.22248899034125133,0.11853471110764832,0.0915955834687466,0.059831971911928336,0.10940573921805888,45.75
ES10,ES10C7,80,90,5037,-0.036882596787633906,0.11413030473146374,-0.25983399058526385,0.19442339583778806,0.11994187093711668,0.07270811558036674,0.06361048890508571,0.0966062335980034,47.23049434187016
ES10,ES10C7,90,100,6832,-0.02825986522951513,0.11549718732492824,-0.26463119722485734,0.22465688850694876,0.11890424829567665,0.090568583138089,0.05960796760654532,0.1084240658425236,42.886416861826696
ES10,ES10C7,100,110,7198,-0.03419282287346428,0.11697963172779689,-0.26463119722485734,0.22516008117273228,0.12187445743562139,0.0878385646764164,0.05782025543100597,0.10516080725498338,43.35926646290636
ES10,ES10C7,110,120,4789,-0.02017695172211613,0.11452008404356533,-0.26060099670723924,0.22364895011159838,0.1162839586105576,0.10069849909762003,0.05525427565041001,0.1148617547235148,42.76466903320109
ES10,ES10C7,140,150,2088,-0.02117836805316477,0.11535398062681465,-0.26312006616372347,0.19240751904708736,0.1172819854873153,0.09833679545684638,0.05659111299925292,0.11345783098233393,43.63026819923372
ES10,ES10C7,150,160,6718,-0.028407612364327286,0.11614723889745054,-0.2651359429544242,0.22516008117273228,0.11957078883967993,0.08973309245058894,0.060075007862590915,0.10798626973109268,44.41798154212563
ES10,ES10C7,160,170,6848,-0.029350807915613973,0.13185549830577817,-0.26312006616372347,5.161383842554642,0.13508272413141637,0.07173608012751487,0.07237261469015852,0.1019012293799804,49.970794392523366
ES10,ES10C7,170,180,4602,-0.037134829630355415,0.11679770267429561,-0.26362325882950705,0.19442339583778806,0.12255896100109809,0.09720777916265991,0.051510555607270476,0.11001222508751544,37.396784006953496
ES12,ES12C1,0,10,6205,0.028936255857018978,0.14018515369675785,-0.2958123476678488,0.3226074223559431,0.14314043530745074,-0.011436414279471152,0.12442580631239455,0.12495028150452972,88.348106365834
ES12,ES12C1,10,20,5461,0.05182515038634854,0.13432363493524638,-0.21375858625734112,0.32803852999849903,0.14397459885266214,0.0009783938186389023,0.12536050297930657,0.12536432092780259,93.26130745284746
ES12,ES12C1,20,30,1535,0.05302335909594696,0.13453357565131027,-0.20712159806055364,0.30330032707239907,0.14460553097079157,0.007759784916737992,0.12241261571387024,0.12265831707579272,91.33550488599349
ES12,ES12C1,30,40,6314,0.05495537838716969,0.13474213979967567,-0.2216033130677658,0.3226074223559431,0.14551817017634716,0.0037753735456114916,0.12554071311961032,0.12559746850947753,93.31643965790308
ES12,ES12C1,40,50,778,0.04843363568771633,0.1385498754423114,-0.20289822903163482,0.3014905772113489,0.14677154033057782,0.001948106735827824,0.12478815279627925,0.12480335812053182,90.87403598971723
ES12,ES12C1,60,70,4221,0.046339919312388754,0.1377921329810199,-0.21194883639629103,0.3123509344370553,0.14537558265863554,-0.00012607435900036896,0.1252906820414777,0.1252907454729305,90.80786543473111
ES12,ES12C1,70,80,6995,0.04622041473287872,0.13797747092328053,-0.23668518126298535,0.328640541245912,0.1455132613216542,-0.002297780424513643,0.12670450523551827,0.1267253385943662,91.86561829878485
ES12,ES12C1,80,90,4937,0.05394313380382846,0.1349319718010474,-0.21250960546617817,0.31597043415915554,0.1453151702290452,0.005112763761256619,0.12493141692907218,0.12503599197504728,92.6068462629127
ES12,ES12C1,90,100,6832,0.053450531416636964,0.13578261860544574,-0.21795508260107463,0.3978682072498449,0.14592422288322396,0.004189144916698116,0.12506415874231672,0.12513429880355142,92.50585480093677
ES12,ES12C1,100,110,7198,0.0540022669333034,0.1384455552712836,-0.21492961052886392,0.3349555275216706,0.14860490102385518,0.005887320284537172,0.12669915932475273,0.12683586840374372,92.10891914420672
ES12,ES12C1,110,120,6045,0.048450731847284476,0.1374270991949247,-0.2167441485820248,0.30773373077343014,0.14571781294566957,0.002993437059951303,0.125046293157697,0.12508211741856862,91.33167907361455
ES12,ES12C1,140,150,2089,0.034315544389395214,0.13901550368304122,-0.23005324493908952,0.30712826376390523,0.14318822176069582,-0.010320717864122324,0.12593539355535543,0.126357590065548,89.75586404978459
ES12,ES12C1,150,160,6718,0.05185499442687935,0.1381051014975434,-0.21311507247570308,0.3319300554494599,0.14751935299023805,0.005412129721958636,0.12549132121958784,0.12560797287419734,91.17296814528133
ES12,ES12C1,160,170,6848,0.05289586164165972,0.1402692129053519,-0.32442226453135087,0.4214609278917637,0.1499113880527445,0.003466930294865305,0.12974180226689636,0.1297881152537931,91.32593457943925
ES12,ES12C1,170,180,5061,0.054181281008599015,0.13721545728373669,-0.2167441485820248,0.31317734493291266,0.1475252281113903,0.008679732849153826,0.12287905729921486,0.1231852283558236,89.9822169531713
ES12,ES12C2,0,10,6205,0.015904741421613192,0.13792876583847805,-0.3001630908693776,0.30634834288813334,0.13884273565950106,-0.0073820737974977305,0.12027186500233247,0.12049820133384144,86.54311039484287
ES12,ES12C2,10,20,5461,0.038437541536624764,0.13227051691374916,-0.22115614649374796,0.3099120432526812,0.13774227471626188,0.003240219973318998,0.12177050999871537,0.12181361225586711,92.1259842519685
ES12,ES12C2,20,30,1535,0.03965800143936914,0.13250076989785634,-0.2181870059949486,0.28318063168862945,0.1383083912916699,0.01072475674108572,0.11867211806373637,0.11915574687311077,89.70684039087948
ES12,ES12C2,30,40,6314,0.04154967214455315,0.13265767019362767,-0.23006722682008907,0.30456649270585945,0.1390123473527483,0.0060552321419408495,0.12210142427099673,0.12225147706796324,92.12860310421286
ES12,ES12C2,40,50,778,0.0350763147033378,0.13636416521732303,-0.21283962603315537,0.28496248187090334,0.14080317257997052,0.0022136745986268036,0.1224443165235861,0.12246432543462095,90.61696658097686
ES12,ES12C2,60,70,4221,0.03314738277986365,0.13563547030694612,-0.22234526622524492,0.2926844424657475,0.13962710979799467,0.0020684005058252447,0.12191855775337905,0.12193610214090216,89.74176735370766
ES12,ES12C2,70,80,6995,0.03302630127785413,0.13585400683428367,-0.24610570787552577,0.30813019307040723,0.1398107569145707,0.0005574499532104779,0.12295086127932664,0.12295212499090269,90.47891350964974
ES12,ES12C2,80,90,4937,0.04074082398459951,0.13279131016697143,-0.22164565249735146,0.29743726256179226,0.13890049242103114,0.008049870382312621,0.12118712979842788,0.1214541923605482,91.00668422118696
ES12,ES12C2,90,100,6832,0.040965972472063565,0.13355348523286784,-0.2293847048444742,0.3856123550330507,0.13969518359065825,0.006341633137473785,0.1215793952495112,0.12174467405224415,91.26170960187353
ES12,ES12C2,100,110,7198,0.041460306902517674,0.13626648963403024,-0.22462319834234729,0.3147654652568911,0.14243424182980796,0.0076937665640429,0.12334777383138523,0.12358748865925123,91.05307029730481
ES12,ES12C2,110,120,6045,0.035988340170616896,0.1352691903291399,-0.22462319834234729,0.29214235061316984,0.13997469228591686,0.00510894443199882,0.12173374796439923,0.12184090736148154,90.12406947890818
ES12,ES12C2,140,150,2089,0.022181844068885584,0.13691045624106823,-0.23593383893211275,0.29095059888949537,0.13869573617971753,-0.006219138041914784,0.12162022282885604,0.12177912907770769,87.74533269506941
ES12,ES12C2,150,160,6718,0.039387798862857294,0.13591295057410413,-0.21866994011654592,0.31416958939505385,0.14150522546188807,0.007860960164025625,0.1218709139946229,0.12212417603646368,89.80351295028282
ES12,ES12C2,160,170,6848,0.040383067846035736,0.138020234519665,-0.3305955950756681,0.4010922931914864,0.14380673595322596,0.006508119881429183,0.1259120751196502,0.12608015817458149,89.66121495327103
ES12,ES12C2,170,180,5061,0.04169888965831907,0.13507799901043535,-0.22104977663551426,0.296905690579487,0.14136782949242677,0.011908162378427295,0.1189963109048715,0.11959066159278421,88.18415332938154
ES12,ES12C3,0,10,6205,0.017693120260778423,0.14117381566730683,-0.3072564626086972,0.31419462049873126,0.14227822298099277,-0.03217160623356229,0.13658475462824077,0.14032251225125686,97.16357775987107
ES12,ES12C3,10,20,5461,0.04075923713535629,0.13541515059530673,-0.2269910581599419,0.3208837163106615,0.14141633011291804,-0.014441075067582932,0.13544493943163716,0.1362126141983459,99.78026002563632
ES12,ES12C3,20,30,1535,0.04204268616956583,0.13570400924941162,-0.22638244781871084,0.29412920571014434,0.14206746843213966,-0.01186923218733859,0.13536615253891648,0.13588551771953533,99.54397394136808
ES12,ES12C3,30,40,6314,0.04389083656518369,0.13577357186958922,-0.23185619559538276,0.3148032308399623,0.1426915146482725,-0.011810475497758025,0.13586426335351315,0.1363766306523076,99.84162179284131
ES12,ES12C3,40,50,778,0.037199527128226564,0.139632932351747,-0.2166540455950329,0.29352059536891323,0.14450315088506277,-0.020971600585663906,0.13986397759846156,0.14142750885449257,100.0
ES12,ES12C3,60,70,4221,0.035344946022303245,0.13891735961266102,-0.22455848944222145,0.3020336495573329,0.1433432872898934,-0.021438977949273044,0.13882928525015661,0.14047490956956962,99.71570717839374
ES12,ES12C3,70,80,6995,0.03524623876295841,0.13905527785321142,-0.24948904166624927,0.3166271892164517,0.14345266691759098,-0.020111630211698192,0.13814620666472824,0.13960247879470442,99.29949964260186
ES12,ES12C3,80,90,4937,0.04310713152835959,0.13595642462847493,-0.22193886394007525,0.3044662182750533,0.1426266952094224,-0.011062214238385127,0.13540975002328598,0.13586085891537977,99.45310917561272
ES12,ES12C3,90,100,6832,0.04332938048128143,0.1365615492131254,-0.23595228317542222,0.3738894325613467,0.14327069461819653,-0.013326418354830186,0.13634484323521864,0.13699456085189768,99.79508196721312
ES12,ES12C3,100,110,7198,0.043812142530661305,0.13947002695813426,-0.22986022637301606,0.32454133338768293,0.14618957641647945,-0.013127638989835487,0.13914841824278376,0.13976629495309706,99.79160878021672
ES12,ES12C3,110,120,6045,0.03819774662182766,0.13840051882698803,-0.2262034913228499,0.2989535690910353,0.14357496807788195,-0.016484647298769764,0.13759836771920708,0.1385823018843134,99.37138130686517
ES12,ES12C3,140,150,2089,0.024019238284336053,0.1401027307956976,-0.24143457143431676,0.2989535690910353,0.14214675157797813,-0.03147185145814642,0.1384876704239175,0.14201870402748798,98.56390617520344
ES12,ES12C3,150,160,6718,0.04168237529278305,0.13911307263904424,-0.22437606190321835,0.32636876280731447,0.14522350839008266,-0.014764418776607228,0.13836432879886632,0.13914983128186614,99.44924084548973
ES12,ES12C3,160,170,6848,0.042634971176900745,0.1412454167929295,-0.3364759109423813,0.4147082769694613,0.14753985404718117,-0.01370252177410008,0.13926554504380997,0.13993802606625244,98.81717289719626
ES12,ES12C3,170,180,5061,0.04391626128288077,0.1382295922322867,-0.2237681695706099,0.30321819647380993,0.1450381266211423,-0.01149766375629295,0.13588394345460972,0.13636950671109851,98.30073108081407
ES12,ES12C4,0,10,6205,0.01887367242913229,0.14036246370107586,-0.3011558694090408,0.3153050935844116,0.14162569232733876,-0.005320929379956935,0.12140199493485462,0.12151854452563589,85.81788879935536
ES12,ES12C4,10,20,5461,0.04174780912671865,0.1346561904574704,-0.2243997715705617,0.3183277639423177,0.14097932187168255,0.005116614310112941,0.12318376309332434,0.1232899802572403,91.57663431605933
ES12,ES12C4,20,30,1535,0.04301839792526804,0.13486787054833071,-0.22198386878450127,0.2893164567571684,0.1415624422871335,0.01393115647148459,0.11959256193576785,0.12040123749776602,88.59934853420195
ES12,ES12C4,30,40,6314,0.04486719968596629,0.13501437202736796,-0.2310481573577788,0.31953571533534797,0.14227419394115326,0.008686399143766765,0.12302679792842154,0.12333307155262736,91.21000950269243
ES12,ES12C4,40,50,778,0.03823701495652468,0.13868295530537603,-0.21231281263937804,0.29294403343669984,0.1438576776019216,0.003961160359500759,0.12396543030809622,0.12402870112544573,89.97429305912597
ES12,ES12C4,60,70,4221,0.03639272929535818,0.1381196941293548,-0.22379672649915677,0.30140527693857244,0.14283375179540636,0.004725806412555119,0.12295927514623142,0.12305005725612479,88.8651978204217
ES12,ES12C4,70,80,6995,0.03633724389622663,0.13817269403663718,-0.2497835020761796,0.3153050935844116,0.1428708811175882,0.003330397246335992,0.12378169850069481,0.12382649324573203,89.57827019299499
ES12,ES12C4,80,90,4937,0.04403826542898278,0.13509918143993482,-0.22172081286404546,0.30382117972463285,0.14209559334382602,0.010406727105511444,0.12226457204187294,0.12270666463412215,90.2572412396192
ES12,ES12C4,90,100,6832,0.0442931983881865,0.13563521117658464,-0.23322059590402575,0.3702691530958415,0.14268425958868752,0.008419046114160604,0.12276495648858397,0.12305330096798005,90.67622950819673
ES12,ES12C4,100,110,7198,0.04473951077118255,0.13857696982595902,-0.22777362458893052,0.32123895476263326,0.145620054903813,0.010109237638775328,0.12452111424907801,0.12493079916285323,90.28896915809948
ES12,ES12C4,110,120,6045,0.03920665170126679,0.1375268355187852,-0.22353646996907717,0.2976335482728828,0.14300626568593228,0.007634318554908249,0.12283871536144977,0.12307571982909177,89.29693961952026
ES12,ES12C4,140,150,2089,0.025009070141597162,0.13926701508358622,-0.2380635909336689,0.2982375245583348,0.14149471749729442,-0.0030473428323725903,0.12243168397033682,0.1224696025067055,86.5007180469124
ES12,ES12C4,150,160,6718,0.042642034856811534,0.138210875885425,-0.22050913204446573,0.3236604522774548,0.1446395151739174,0.01105882001532079,0.12265944594986927,0.12315696156068548,88.68710925870795
ES12,ES12C4,160,170,6848,0.043607528391231595,0.14031607294723553,-0.332492673390022,0.41021920177955323,0.14693609787838383,0.009880769581809529,0.1266610999490252,0.12704591236173546,88.43457943925233
ES12,ES12C4,170,180,5061,0.04489780024329117,0.13738613147392648,-0.2223266532738353,0.3055020171027996,0.1445363677005116,0.016286078311451697,0.1193183696222947,0.1204247054224725,86.54416123295792
ES12,ES12C5,0,10,6205,0.010813292558363436,0.1426978503495919,-0.3190947046601933,0.3113587084518049,0.1431069662537337,-0.01702621962874221,0.12988973666933654,0.1310009001758223,90.7010475423046
ES12,ES12C5,10,20,5461,0.03414046658587151,0.13679837793144453,-0.23736905195675145,0.3187332625672867,0.14099421145343285,-0.00242902640037529,0.1298636345122886,0.12988634931352486,94.81779893792346
ES12,ES12C5,20,30,1535,0.035344264469604994,0.13702961425707552,-0.23368272108249985,0.28739377303521224,0.14151442405048434,0.0019797259136035395,0.12850902475628262,0.12852427303238811,93.87622149837134
ES12,ES12C5,30,40,6314,0.03723327435350438,0.137215330164815,-0.24290044063510746,0.31013056228271385,0.14217722585323753,0.00038479350133207506,0.13008855934883706,0.1300891284446728,94.82103262591068
ES12,ES12C5,40,50,778,0.03051687906589968,0.1410284738766648,-0.2256950400659618,0.2898519577403728,0.14429244731414004,-0.002353665298627327,0.13002293214460398,0.13004423333550108,92.67352185089975
ES12,ES12C5,60,70,4221,0.02820773325395849,0.14031788954741298,-0.23552588651962567,0.29722651185585464,0.14312507237506106,-0.003334626561194307,0.12966744455410012,0.12971031536270836,92.181947405828
ES12,ES12C5,70,80,6995,0.028142906274721345,0.14053276368846887,-0.2601058412042531,0.3162750778621261,0.14332299481767322,-0.006342771975263891,0.1315012500091231,0.13165412834503934,93.6097212294496
ES12,ES12C5,80,90,4937,0.036338939971738295,0.13740766204338595,-0.23377165844994158,0.302756008167232,0.14213157336249735,0.002024070822249124,0.12919459180633353,0.12921044622900513,94.1057322260482
ES12,ES12C5,90,100,6832,0.03640905380042269,0.1384164290383913,-0.2362372678450998,0.37886299622922404,0.14312486515760314,0.00022280012870512175,0.12980679212973043,0.1298069833364461,94.2476580796253
ES12,ES12C5,100,110,7198,0.0369857855313911,0.14105328491793562,-0.2362372678450998,0.3240103049969863,0.1458217319795454,0.0012016141261915131,0.1320405079872507,0.1320459754253778,94.0677966101695
ES12,ES12C5,110,120,6045,0.03130576681470308,0.13997598278174636,-0.2380860003707996,0.29380991155098,0.14343405032129683,-0.0009966115502692977,0.12971703605765297,0.1297208644673808,93.05210918114143
ES12,ES12C5,140,150,2089,0.017010632607015297,0.14157801722553523,-0.2485634167382155,0.29689049973292136,0.14259627128086064,-0.015115058310296761,0.1307151223514699,0.13158612464497696,91.71852561033988
ES12,ES12C5,150,160,6718,0.03482170746935663,0.14067744302508195,-0.23377165844994158,0.3196959630761283,0.144923063337609,0.0018797880246949755,0.12995810498096802,0.12997169943207673,92.69127716582317
ES12,ES12C5,160,170,6848,0.03590754864783515,0.14292704749676075,-0.3484101577874087,0.41091402028360535,0.1473685616270918,-0.00042391542552712034,0.13411979257393256,0.13412046251173865,93.12207943925233
ES12,ES12C5,170,180,5061,0.0372116037362379,0.13978561294816697,-0.2362372678450998,0.3005898628669963,0.14465379718457977,0.004447884144092021,0.12757456887960975,0.12765208301542733,91.91859316340644
ES12,ES12C6,0,10,6205,0.03928492797550772,0.1419463138682114,-0.28743883148403887,0.33719585953231673,0.14728225143177848,-0.030700808344369966,0.136610207015104,0.14001745710341731,96.56728444802579
ES12,ES12C6,10,20,5461,0.06261427687475273,0.13604973018913288,-0.20676223847457081,0.34514267899211737,0.1497667411446348,-0.013789658194054795,0.13599749819417095,0.1366948213656333,99.57883171580296
ES12,ES12C6,20,30,1535,0.06391968179688093,0.13617797593923034,-0.20370547987610652,0.31458262196953973,0.15043326378138616,-0.00930770807840632,0.13467759633842105,0.13499884586605737,98.43648208469055
ES12,ES12C6,30,40,6314,0.06576294172653231,0.1365006438738313,-0.21470717569385514,0.3433093767292453,0.15151630368543775,-0.010458507245482456,0.13603244774442413,0.1364338931979268,99.35064935064935
ES12,ES12C6,40,50,778,0.0592216785185561,0.14032141934419032,-0.1969821167518981,0.3182492264952838,0.15230662471909523,-0.017318431930065912,0.1389721863651175,0.14004712302513492,98.58611825192801
ES12,ES12C6,60,70,4221,0.05693214060082965,0.13949020712773946,-0.20492893621169875,0.32680589188236425,0.15066116459769016,-0.019024454884462968,0.13820169639265362,0.13950497757950492,98.60222696043591
ES12,ES12C6,70,80,6995,0.05683496209656245,0.13974095060928454,-0.23059893237294005,0.34208592039365304,0.15085670748662186,-0.01811750560629805,0.13774305650497923,0.1389294555691058,98.4131522516083
ES12,ES12C6,80,90,4937,0.0650901640197446,0.1366901036018923,-0.20316217455296376,0.3292509223130324,0.15139654512178705,-0.00975078328666331,0.13560955441480915,0.1359596595438756,98.96698399837959
ES12,ES12C6,90,100,6832,0.0651362251337025,0.13776518445798866,-0.20990805920663358,0.4027153385871249,0.15238757781857423,-0.011863956387356845,0.13653911014829392,0.13705357369017798,99.18032786885246
ES12,ES12C6,100,110,7198,0.06576862153411168,0.1403201196285194,-0.20868050460840137,0.3487520384488376,0.15496853729405594,-0.010995661620744921,0.13876590629055993,0.13920086681884702,98.97193664906919
ES12,ES12C6,110,120,6045,0.0601290451590016,0.1392916542323911,-0.20806861585482103,0.32238227713327433,0.15171574410893965,-0.013815542616571568,0.1369451357475291,0.13764025364223753,98.2464846980976
ES12,ES12C6,140,150,2089,0.04597126235127806,0.14091007519272594,-0.21787960991299987,0.3242217204850869,0.14821945301811673,-0.026648500792789243,0.13640469900446997,0.13898339650837196,96.64911440880805
ES12,ES12C6,150,160,6718,0.06365055282196035,0.13996313105993738,-0.20316217455296376,0.3456850404987929,0.15375653134303718,-0.010893511461787964,0.13696755925235352,0.1374000759807471,97.8862756772849
ES12,ES12C6,160,170,6848,0.06470832628600438,0.14216963865652502,-0.3209035459787885,0.43092454325450064,0.15620298859645068,-0.010912189815732111,0.13869549478445836,0.1391241034475345,97.73656542056075
ES12,ES12C6,170,180,5061,0.06602197044450567,0.13905602337057393,-0.20684106125658883,0.32912816178694415,0.15393335641443276,-0.006827246477756218,0.13387330143735177,0.13404727573585404,96.48290851610354
ES12,ES12C7,0,10,6205,0.027048764338450788,0.1408361039808488,-0.2991264659977712,0.32181025412659464,0.14341005486625233,-0.021225684680206056,0.13056237947233976,0.1322764704080918,92.44157937147462
ES12,ES12C7,10,20,5461,0.05003690173410548,0.13500880871014884,-0.2190824048661539,0.3284807481741913,0.143982880803525,-0.0045884896992938,0.1293193287233326,0.1294007071818925,95.64182384178721
ES12,ES12C7,20,30,1535,0.051184272230540014,0.13511602814542745,-0.210593024703675,0.2999817533084653,0.1444858843817138,-0.00010923697053710157,0.1277594106446179,0.12775945734455763,94.5928338762215
ES12,ES12C7,30,40,6314,0.05308829028762044,0.13544784300931037,-0.22514598106227554,0.32666186205930914,0.14548018676623098,-0.0022926807158802427,0.12991638663267402,0.12993661493418784,95.80297751029458
ES12,ES12C7,40,50,778,0.04677014577014258,0.13908507282422278,-0.20513636635902843,0.3011937215718725,0.14673821594213193,-0.004341484427585634,0.12937403187627822,0.12944685631933756,93.44473007712082
ES12,ES12C7,60,70,4221,0.04427863729730613,0.13840174744967512,-0.21423266437298238,0.31150198784923355,0.14531222047037215,-0.006353997211453495,0.12963339330007145,0.12978902087254596,93.27173655531864
ES12,ES12C7,70,80,6995,0.044198631051125856,0.13868330784826766,-0.23606116519111164,0.3302996342890735,0.1455561021136899,-0.00905632308553564,0.13134948638593846,0.13166132523136562,94.58184417441029
ES12,ES12C7,80,90,4937,0.05244492193682378,0.13565272218427632,-0.21318929853218957,0.31635359578194805,0.1454377216301328,-0.0004771048792320039,0.12896620899600225,0.1289670915073544,95.05772736479643
ES12,ES12C7,90,100,6832,0.05241731809379764,0.13681308819075966,-0.22049334439249063,0.3826311671374387,0.14651073795609298,-0.0019408291187491648,0.12944112970350585,0.12945567919789386,95.02341920374707
ES12,ES12C7,100,110,7198,0.05309278884848161,0.13923623339719457,-0.22110248344935435,0.33333588610798587,0.14901534457346158,-0.0016104312660421719,0.1319824001617591,0.1319922249275364,95.0680744651292
ES12,ES12C7,110,120,6045,0.04751188286556302,0.13826499351825905,-0.2217097482321969,0.3065562588942365,0.14620050426053666,-0.0031510967995856177,0.12925353761466107,0.12929194250588458,93.81306865177832
ES12,ES12C7,140,150,2089,0.03350601939687189,0.13964701826846346,-0.22657911213906426,0.31081648374424015,0.14361038627862582,-0.01777034945886288,0.13035648612236772,0.1315621480292153,92.86740067017712
ES12,ES12C7,150,160,6718,0.051008709599095196,0.13888929185611357,-0.2113637556356196,0.33272674705112215,0.14795987242241568,-0.0007662713426652471,0.1297176454552839,0.1297199087042283,93.67371241440905
ES12,ES12C7,160,170,6848,0.05206745781446,0.14112091512993752,-0.33004278665287967,0.41428015825805553,0.15041985523983062,-0.0025082062941062418,0.13325211499138628,0.13327571890067383,93.98364485981308
ES12,ES12C7,170,180,5061,0.05343216778802113,0.13800437747317088,-0.21744952338219323,0.31264202664081014,0.1479871776752455,0.002286954946368339,0.12705699627426373,0.1270775765631568,92.7089508002371
ES12,ES12C8,0,10,6205,0.016648440074603664,0.13839020942682004,-0.3010032987617031,0.3280553639238236,0.13938802180286788,-0.009830282907898613,0.12212760458449877,0.12252259491047765,87.67123287671232
ES12,ES12C8,10,20,5461,0.03926562543426036,0.13260074926745385,-0.22415826244603101,0.313162602158864,0.13829225591852132,0.0012186734880242352,0.12367136493185715,0.12367736926850847,93.13312580113532
ES12,ES12C8,20,30,1535,0.04035149342806222,0.13260423270222355,-0.21820152464721065,0.2851639165150093,0.13860781201801148,0.007719196100834698,0.1209221119409895,0.1211682431361961,91.20521172638436
ES12,ES12C8,30,40,6314,0.04220818785041487,0.13305656344204614,-0.2307112243854786,0.3113757642727996,0.13959075971074575,0.004969923468157898,0.12336131692703173,0.12346138932172646,92.65125118783655
ES12,ES12C8,40,50,778,0.03608181315799076,0.1364675375893455,-0.20986172482169865,0.2839733027695721,0.14115695539528889,0.0014577218826857883,0.12336517958828455,0.12337379173850888,91.13110539845758
ES12,ES12C8,60,70,4221,0.03350085672676131,0.13594504198220958,-0.22117897627871216,0.2964830025078401,0.1400120060600937,0.0007529198466317532,0.12311117446920576,0.12311347679065306,90.31035299692016
ES12,ES12C8,70,80,6995,0.03337567389869434,0.13623657348946658,-0.24202847584249207,0.3113757642727996,0.14026524717242975,-0.0016110682568576103,0.12468075415884064,0.1246911624717065,91.4796283059328
ES12,ES12C8,80,90,4937,0.041549725402155575,0.1332927571189346,-0.2184578271229085,0.3018435161660332,0.13961854741173116,0.005576726438998942,0.12329887542555047,0.12342492681375528,92.38403889001418
ES12,ES12C8,90,100,6832,0.041498210431342795,0.13452201553697313,-0.22862413862994344,0.3610366625628752,0.14077739212364193,0.004888760107761366,0.12322687535934279,0.12332381272981405,92.05210772833723
ES12,ES12C8,100,110,7198,0.042205214547397805,0.13682209080807667,-0.22503646203289562,0.31618333820738087,0.1431836745864746,0.006173796518008988,0.12489888344831307,0.1250513768420047,91.83106418449569
ES12,ES12C8,110,120,6045,0.036653413517105715,0.13580953383320435,-0.22683030033141952,0.29285975688037175,0.14066876768653455,0.002863704554419147,0.12358849851851884,0.123621671926232,91.232423490488
ES12,ES12C8,140,150,2089,0.02299316262594301,0.13719927864929293,-0.2340074952486143,0.2964474334774196,0.1391126435282911,-0.009813076773699221,0.12402084041446379,0.12440846166108001,89.51651507898517
ES12,ES12C8,150,160,6718,0.04011608072254405,0.13652081299716726,-0.21905638713011621,0.3179771765059048,0.14229276971773788,0.005778268334083759,0.1235214947261767,0.12365657299282384,90.93480202441202
ES12,ES12C8,160,170,6848,0.04118039476633592,0.13864691025394768,-0.3344771737507464,0.3975156719867594,0.1446332971209517,0.003845230273534568,0.12814408967940205,0.1282017687694641,91.04848130841121
ES12,ES12C8,170,180,5061,0.042441390856478266,0.13559217277400076,-0.22443790202568795,0.29764455349183494,0.14207923484945584,0.009000532506748904,0.1209268230858229,0.12126131339811123,89.76486860304287
ES14,ES14C1,0,10,6205,0.03672791482998344,0.1371447808282256,-0.27609973662676385,0.32538344044676754,0.1419775708912522,-0.04492929113852273,0.13689852182579126,0.14408277648732615,100.0
ES14,ES14C1,10,20,5461,0.05881662044834489,0.13171052643657358,-0.2010614991583078,0.38033154042670003,0.14424651682159959,-0.020915079690936585,0.13174203915195545,0.133391924187312,100.0
ES14,ES14C1,20,30,1535,0.060184423756772173,0.13205862766264576,-0.2010614991583078,0.3023401018764693,0.14512631051286334,-0.018512198556767882,0.13195646121940696,0.1332486741133061,100.0
ES14,ES14C1,30,40,6314,0.061780294299573574,0.1320250585475748,-0.21051610964561587,0.3431081057194519,0.14576495068510975,-0.01831844048579795,0.13206618720663785,0.13333057813243906,100.0
ES14,ES14C1,40,50,778,0.05544768027085406,0.13561730141337452,-0.1904259721570923,0.3023401018764693,0.14651449651848428,-0.026764805007242785,0.1355399709789751,0.13815729629685558,100.0
ES14,ES14C1,60,70,4221,0.05365904581425016,0.1349797236589742,-0.20283378372617503,0.31120334430981755,0.14525432522561535,-0.027474295485512813,0.1348853450174481,0.1376549788888919,100.0
ES14,ES14C1,70,80,6995,0.05348888573055513,0.13499682519155637,-0.22115163664683135,0.32538344044676754,0.14520745059567713,-0.027310273783333578,0.13487957967753758,0.1376166852823808,100.0
ES14,ES14C1,80,90,4937,0.06056119915033519,0.1320726193527305,-0.1986894537796505,0.317111566067379,0.1452956834362873,-0.018466985602761037,0.13219056451464675,0.1334742480928571,100.0
ES14,ES14C1,90,100,6832,0.061230451429994504,0.13220649422046943,-0.2069609787650651,0.37972413260693005,0.1456973757361056,-0.019292941892377194,0.13207520632092498,0.1334768808879558,99.97072599531616
ES14,ES14C1,100,110,7198,0.061542662004048114,0.13524291070012204,-0.2051887690563555,0.3300949826944424,0.1485871600818378,-0.019488674521236798,0.13518885357536767,0.1365863630294654,100.0
ES14,ES14C1,110,120,6045,0.05617542287762925,0.13425335729202387,-0.204007902422934,0.30646309388877474,0.14553227160894688,-0.02340948605645509,0.13419417408354986,0.13622070472359718,100.0
ES14,ES14C1,140,150,2089,0.0423963294792392,0.1360649157072682,-0.20991587462435093,0.3123710660901916,0.142517051750793,-0.040183331834558494,0.13638505657068917,0.14218151712904295,100.0
ES14,ES14C1,150,160,6718,0.059602758883117134,0.13487931691496574,-0.1963277205128075,0.32891411606102083,0.14746158482101962,-0.021690714870109238,0.1347514862695088,0.13648608047496272,100.0
ES14,ES14C1,160,170,6848,0.060628600075283076,0.1369013775961466,-0.3056297550319072,0.41517378533258625,0.14972579715871048,-0.020709021810321453,0.13687893224270706,0.13843664860232627,99.98539719626169
ES14,ES14C1,170,180,5065,0.06214664534541223,0.1341218097941499,-0.1957363774375194,0.31355193272361315,0.14782038218779767,-0.021181027668890465,0.13423631752969578,0.13589711136386826,100.0
ES14,ES14C2,0,10,6205,0.04605835211395435,0.13610273076769155,-0.262864839249004,0.33288472110327133,0.14368481172996586,-0.04444688075523836,0.13591416322124164,0.14299715022685133,100.0
ES14,ES14C2,10,20,5461,0.06801416882774301,0.13063075489222117,-0.18898235191991328,0.33288472110327133,0.147276343263405,-0.02082082854915841,0.1307546187087886,0.1324019532150268,100.0
ES14,ES14C2,20,30,1535,0.06943245037137472,0.13101505579377992,-0.19015612169954638,0.3111880381766686,0.14827612757696593,-0.0185167030573086,0.13097750596404878,0.13227991291452748,100.0
ES14,ES14C2,30,40,6314,0.07098216969085515,0.1309506551246727,-0.19777840206851768,0.3369893037326653,0.14895147697019429,-0.01848575589042434,0.13106615717162876,0.13236336625584302,100.0
ES14,ES14C2,40,50,778,0.06476718288267434,0.13455854017378252,-0.1796012226811533,0.31353377193627385,0.14933448601129357,-0.026931179669054367,0.134566867497361,0.1372353098383182,100.0
ES14,ES14C2,60,70,4221,0.06292725662130466,0.13394873081269865,-0.18956923680972984,0.319984088325273,0.14799358807805268,-0.02777558322459797,0.13391872916813177,0.13676881605641686,100.0
ES14,ES14C2,70,80,6995,0.06281835287023782,0.13397621512836247,-0.2100921499566995,0.3317109513236382,0.1479721990018766,-0.02759735334417564,0.13390552497862612,0.13671979933939615,100.0
ES14,ES14C2,80,90,4937,0.06985569619126326,0.131062798624545,-0.1855035121131328,0.3270212896040887,0.14851691982284076,-0.01882294090825757,0.131214913968559,0.13255812593806574,100.0
ES14,ES14C2,90,100,6832,0.0705159397442576,0.13122346238490754,-0.1978198399365051,0.38221977728793083,0.14897011390980075,-0.019742622800777633,0.13112007040047716,0.13259805434801777,99.97072599531616
ES14,ES14C2,100,110,7198,0.07080435849327361,0.1342613646624466,-0.19312738947674246,0.33881912598014186,0.1517872564567476,-0.019979787128254666,0.13420344823379718,0.1356825611916721,100.0
ES14,ES14C2,110,120,6045,0.06546645640800426,0.1332474466916469,-0.19195517995080486,0.3171197034152504,0.1484612372454992,-0.02392594876366596,0.13318083899698435,0.1353129221478209,100.0
ES14,ES14C2,140,150,2089,0.051974477573745924,0.1350568030573922,-0.2001660651663864,0.31829191294118797,0.1447124264572571,-0.04048168856788467,0.135329097243242,0.1412541385941596,100.0
ES14,ES14C2,150,160,6718,0.06890026318806199,0.13386035041060151,-0.18433130258719516,0.33881912598014186,0.1505517840459994,-0.022226717051480216,0.13377699333254306,0.13561088044836903,100.0
ES14,ES14C2,160,170,6848,0.0699530857284599,0.1358927367090869,-0.2957634546715117,0.4226871955138667,0.1528406689766126,-0.021260008137634033,0.13589060936837122,0.13754361366679127,99.98539719626169
ES14,ES14C2,170,180,5065,0.07154870744678005,0.1331024233022497,-0.18433130258719516,0.3229843634009506,0.15111410465683267,-0.021848445757583088,0.13320047989140735,0.13498045201184972,100.0
ES14,ES14C3,0,10,6205,0.03533640417720859,0.13667513611917795,-0.2757832522729887,0.32254935388359024,0.14116923989797092,-0.045127435697861776,0.13655035243489771,0.14381406121363594,100.0
ES14,ES14C3,10,20,5461,0.057405588294306246,0.131160895384816,-0.20158065081110435,0.3260822929178512,0.1431732588354475,-0.02149435508549054,0.13133046604498622,0.13307779158121924,100.0
ES14,ES14C3,20,30,1535,0.05885326902995045,0.13154351496626268,-0.1998141812939739,0.3007586647169348,0.14410899904305455,-0.019268924428430922,0.13159759080250033,0.13300081711647826,100.0
ES14,ES14C3,30,40,6314,0.060563546989172164,0.13149050637069584,-0.2098253843068693,0.3260822929178512,0.14476773290181644,-0.019134673549561325,0.13167355083041304,0.1330566034443148,100.0
ES14,ES14C3,40,50,778,0.054494386806658884,0.13516963494409076,-0.1898011646573443,0.3025251342340653,0.14574110060086864,-0.027618080293724197,0.13519106482906681,0.13798326843761724,100.0
ES14,ES14C3,60,70,4221,0.0526751831319735,0.1345488639703587,-0.20393654804185637,0.3119487231570733,0.1444924624805773,-0.028504556207252788,0.1345632637638472,0.13754919730536835,100.0
ES14,ES14C3,70,80,6995,0.05254826063087285,0.13458931337307617,-0.22513599587115604,0.324903437490608,0.14448391941515928,-0.02838324252539526,0.13453076489655874,0.13749230945732407,100.0
ES14,ES14C3,80,90,4937,0.05965200001076461,0.1316177081150847,-0.19869383221293963,0.31489223447771264,0.14450460959689793,-0.019575368633451683,0.1318116774227438,0.1332573201071258,100.0
ES14,ES14C3,90,100,6832,0.06033819380324343,0.13185708548426187,-0.20870798394055573,0.3744821065068791,0.14500685716145187,-0.02054055634447256,0.13175973804841964,0.13335120181508908,99.97072599531616
ES14,ES14C3,100,110,7198,0.06078801760022924,0.13489846924906537,-0.20340701449343723,0.3303019186404597,0.14796209004169553,-0.020721072409946976,0.13483670856564922,0.13641957637610552,100.0
ES14,ES14C3,110,120,6045,0.05526263976042686,0.13383926988475187,-0.20399661581797984,0.3055604329047299,0.14479954943498327,-0.02465690478734433,0.1338018924583707,0.1360548028521359,100.0
ES14,ES14C3,140,150,2089,0.041874945471786926,0.1355968518232063,-0.21106457508080453,0.30850481121159967,0.14191552868741916,-0.04140528612571992,0.13584557487624488,0.14201555524874798,100.0
ES14,ES14C3,150,160,6718,0.058776660273551294,0.13446735515515268,-0.19633724107269085,0.3314793071316232,0.14675205414349207,-0.02300310239321019,0.1344169368520774,0.13637102196730755,100.0
ES14,ES14C3,160,170,6848,0.059805526467605286,0.13648003434684253,-0.3047295485766052,0.4145405275752652,0.14900839161397172,-0.02203224393614972,0.13652019268853108,0.13828659654708284,99.98539719626169
ES14,ES14C3,170,180,5065,0.061271696391052746,0.13364752862044643,-0.19751644372177607,0.31380759481663983,0.14702340862934174,-0.022578133217773834,0.13381403903578148,0.13570544993724162,100.0
ES14,ES14C4,0,10,6205,0.03105230854922762,0.1303490318747535,-0.2674323945274592,0.3058442762287051,0.13399670136582445,-0.04372713330536541,0.13018555441691226,0.13733295586254604,100.0
ES14,ES14C4,10,20,5461,0.051987433403857905,0.1250688186868363,-0.19444048175294817,0.30809047386667743,0.13544335583424272,-0.021008940995246975,0.1252237639607962,0.12697388181138267,100.0
ES14,ES14C4,20,30,1535,0.05324905972986273,0.12535280015216688,-0.1933165183467264,0.28226179479170177,0.13619393109864908,-0.018698622920475316,0.1254947783065323,0.12688017134811813,100.0
ES14,ES14C4,30,40,6314,0.05499481803674527,0.12537828305084614,-0.20173932719550502,0.30977468980153894,0.13690925414913635,-0.018341264135603552,0.12552639532374005,0.12685928382686013,100.0
ES14,ES14C4,40,50,778,0.04929531471277171,0.1288938738791316,-0.18433345696930803,0.28338575819792355,0.13799876367634853,-0.026374564870404387,0.12894141271265527,0.13161119095441112,100.0
ES14,ES14C4,60,70,4221,0.04752298909234593,0.12824087144791996,-0.19612469768780966,0.295738980619536,0.13676313685344146,-0.026916277326294667,0.1282668390592395,0.1310605508433215,100.0
ES14,ES14C4,70,80,6995,0.04732567601305324,0.12833048315711096,-0.21858321571859118,0.3058442762287051,0.13677877217401108,-0.02667509816650468,0.12824188676436807,0.13098680232404203,100.0
ES14,ES14C4,80,90,4937,0.054041471412080135,0.125461582874571,-0.19170918641578963,0.2968612148512867,0.1366055980177076,-0.018126660281241293,0.12567995910735813,0.12698042342888427,100.0
ES14,ES14C4,90,100,6832,0.05470834949749171,0.12574708067741303,-0.2001353745448902,0.3548374900007438,0.137132533716954,-0.018937883642033283,0.12562319460633362,0.12704263245044933,99.97072599531616
ES14,ES14C4,100,110,7198,0.05514381576613963,0.12855239159295812,-0.19620338406707338,0.3110233875712922,0.1398805125867045,-0.018994101854232528,0.1285636280479477,0.12995915651503745,100.0
ES14,ES14C4,110,120,6045,0.04984369101873219,0.12763458235634062,-0.19620338406707338,0.28911633635656636,0.13702182361816798,-0.02270648817471575,0.12759086166184452,0.12959557316837816,100.0
ES14,ES14C4,140,150,2089,0.037213304333805666,0.1292721016761139,-0.20238247337053208,0.29248611966091614,0.13452176883761216,-0.03844574414921323,0.12951795397716065,0.13510357377070625,100.0
ES14,ES14C4,150,160,6718,0.05325451676686748,0.1282176890497027,-0.1905865019370817,0.31158559474475916,0.13883738452347344,-0.020910482930377252,0.12815154023084402,0.12984631515726286,100.0
ES14,ES14C4,160,170,6848,0.05420957730246425,0.13022840549181455,-0.295063623317734,0.3958422864310866,0.14106068151066165,-0.019923636466518402,0.1301636456776107,0.13167963375608457,99.98539719626169
ES14,ES14C4,170,180,5065,0.055737203167191954,0.12743792192895648,-0.1922713935892566,0.29754252448566687,0.13909370856538278,-0.020356002268043377,0.12756899127361063,0.12918287178609683,100.0
ES14,ES14C5,0,10,6205,0.07746930175741537,0.12985782221153544,-0.21840936547300432,0.35070546083731574,0.15121027314406987,-0.04313941784303467,0.12947871060885435,0.13647617327858877,100.0
ES14,ES14C5,10,20,5461,0.09837466469797304,0.12471715141161309,-0.14678100641265365,0.35070546083731574,0.15884565625369126,-0.020619978125864632,0.12469141357948653,0.1263848571560758,100.0
ES14,ES14C5,20,30,1535,0.09953578925954512,0.1250282154817636,-0.14454235091571177,0.32944081866890473,0.15981060043086906,-0.01848551264495655,0.12476373079031372,0.12612574161710496,100.0
ES14,ES14C5,30,40,6314,0.10112715585665451,0.1250068704352731,-0.15349524953512136,0.3535042110505826,0.16078998509757145,-0.01866087332659773,0.12492725914739708,0.12631329411978864,100.0
ES14,ES14C5,40,50,778,0.095355158825938,0.1284585498710628,-0.13950494520550305,0.3322378455138137,0.15998189069296623,-0.026831659971809783,0.1280052341845704,0.13078714751644951,100.0
ES14,ES14C5,60,70,4221,0.09358880829313221,0.1278257529951162,-0.14789947247694563,0.3400722780689313,0.15842439258680185,-0.02757837299985573,0.12764453038860013,0.13058978825101691,100.0
ES14,ES14C5,70,80,6995,0.09352906661655504,0.12783290755534704,-0.16580699308412278,0.35182392690160774,0.15839488172355154,-0.02747404797750272,0.1275529849673031,0.13047830197522947,100.0
ES14,ES14C5,80,90,4937,0.09995212645724624,0.12512796849504973,-0.14379832252624994,0.34119246750158116,0.1601481691528926,-0.019227746798156375,0.12508041904879358,0.1265496640704977,100.0
ES14,ES14C5,90,100,6832,0.10074302118976919,0.12492722449201166,-0.15106336758332323,0.40279261771889585,0.16048665906460813,-0.019995095274615918,0.12492066596890766,0.12651077669968033,99.97072599531616
ES14,ES14C5,100,110,7198,0.10082952123484332,0.12800526026671635,-0.15050570954056278,0.4206772619235981,0.1629476572657536,-0.020426680924416383,0.1278746394761931,0.12949584053070692,100.0
ES14,ES14C5,110,120,6045,0.09578134240009713,0.1269289431329827,-0.15050570954056278,0.3346085949906424,0.15901264778884916,-0.023991648983649028,0.12693673279073123,0.12918410642389458,100.0
ES14,ES14C5,140,150,2089,0.08289497974613498,0.12886030424725484,-0.15777075459763606,0.3401972235858371,0.1532206111389953,-0.04017539652432945,0.1291360901692811,0.13524123731353466,100.0
ES14,ES14C5,150,160,6718,0.0991410441865716,0.127570567147483,-0.14379832252624994,0.35416965565722325,0.16156483604031605,-0.02244600164745016,0.12744208597443843,0.1294036640419177,100.0
ES14,ES14C5,160,170,6848,0.10021666932890849,0.1294819322667269,-0.2449564587829113,0.4340903147854252,0.16373439343920704,-0.02146505719611232,0.12947284966234124,0.131240113837651,99.98539719626169
ES14,ES14C5,170,180,5065,0.10209392355793209,0.12691797835879878,-0.14379832252624994,0.3429923984668338,0.16288444510798872,-0.021864729608264362,0.12700103642359917,0.12886942870018037,100.0
ES14,ES14C6,0,10,6205,0.03885265741355325,0.13724218607264754,-0.27517432300231043,0.32864178964677476,0.14263571301078193,-0.044976021033546185,0.13688929359591673,0.14408858792145574,100.0
ES14,ES14C6,10,20,5461,0.06104073819286412,0.1318302546852481,-0.1965184834419166,0.32686785796057694,0.1452762464049342,-0.020999893922113242,0.13183414901064242,0.13349621114511181,100.0
ES14,ES14C6,20,30,1535,0.06242372569876836,0.13203509914471193,-0.1971085798139167,0.3061689528131049,0.14604789945859878,-0.018536107457571317,0.13188111029434585,0.1331773799567631,100.0
ES14,ES14C6,30,40,6314,0.06414756539218862,0.13214287993509827,-0.20598005953000437,0.33100763899007135,0.1468899277121713,-0.01845751195809227,0.1321117816655283,0.1333949122062882,100.0
ES14,ES14C6,40,50,778,0.05804950245616983,0.13575648426513698,-0.19060294944112566,0.3055770351560061,0.14764676683029415,-0.026834633643213063,0.13544795229157106,0.13808057554466222,100.0
ES14,ES14C6,60,70,4221,0.056342950369855926,0.1350813651081706,-0.1988825115001145,0.31681436421539033,0.1463608665452174,-0.02739885178693357,0.13493098819715138,0.13768467109704755,100.0
ES14,ES14C6,70,80,6995,0.056172868784582004,0.1351002339552715,-0.22076525196178423,0.3292337073038736,0.1463128989606144,-0.027291817844982934,0.1348624403901336,0.13759622505456343,100.0
ES14,ES14C6,80,90,4937,0.06312779238570512,0.13222507940697,-0.19340547637153013,0.3179963782444893,0.1465216359302346,-0.018528765649711232,0.13225555184866025,0.13354716826385943,100.0
ES14,ES14C6,90,100,6832,0.0638413649629637,0.13213915220629605,-0.20108695510883198,0.3839247112653628,0.14675311044789818,-0.019246509137928733,0.13204522653324693,0.1334405109560544,99.98536299765809
ES14,ES14C6,100,110,7198,0.06420703216806044,0.1352876894006272,-0.20049733200746125,0.33428718128700574,0.14975079927396354,-0.01951790066113285,0.13519065476720407,0.1365923189004536,100.0
ES14,ES14C6,110,120,6045,0.05874664946877486,0.1342488384693577,-0.20404234991323336,0.3100598592235849,0.14653982207638577,-0.02336848337765986,0.13423206153073106,0.13625099030158253,100.0
ES14,ES14C6,140,150,2089,0.0450783414296596,0.1362170745680965,-0.2093598767718915,0.3124238111022286,0.14348222283592948,-0.040194357786560525,0.13645985400199254,0.14225638176236297,100.0
ES14,ES14C6,150,160,6718,0.06223002149970274,0.13487416584655051,-0.19340547637153013,0.33369755818563507,0.14853826506545803,-0.021568792783492313,0.1347148972528415,0.1364306283939969,100.0
ES14,ES14C6,160,170,6848,0.06319428732926767,0.13689023004295625,-0.30036201506554616,0.41760784084335856,0.1507728524379224,-0.020508415845021354,0.13690019434646128,0.1384278091012467,99.98539719626169
ES14,ES14C6,170,180,5065,0.06466176163471916,0.13416125936220927,-0.1945865423986585,0.31774133796088677,0.1489308125652956,-0.02102267136572732,0.13430783426690943,0.13594317583762336,100.0
ES14,ES14C7,0,10,6205,0.047524894378956864,0.13725189975684937,-0.2645400618950802,0.33870955991213747,0.1452470294794191,-0.04394868383050797,0.13691914359435853,0.14379964775007803,100.0
ES14,ES14C7,10,20,5461,0.0696371758751133,0.13178733474851934,-0.19002086239923316,0.3381194386666798,0.14905447951665107,-0.020034577531945087,0.13182250381704264,0.13333625467020493,100.0
ES14,ES14C7,20,30,1535,0.07102792644741733,0.13214813748950482,-0.18765491333179643,0.31386982674685515,0.15002698616370588,-0.017584345312206526,0.1319974573851364,0.13316357593651434,100.0
ES14,ES14C7,30,40,6314,0.0726741756794175,0.1321156575805669,-0.19948283730711125,0.33930150251946384,0.1507848891256297,-0.01771929522731962,0.1320912387723911,0.13327441158668737,100.0
ES14,ES14C7,40,50,778,0.06643982172770557,0.13577334464414895,-0.18174095134413903,0.3156456545688342,0.1511577025065813,-0.026351075854696728,0.13552661429827692,0.13806463117632226,100.0
ES14,ES14C7,60,70,4221,0.06474363621314326,0.1350603750482768,-0.19002086239923316,0.32333362301660196,0.1497766448358389,-0.027058642876251784,0.13494041382527133,0.13762661602190185,100.0
ES14,ES14C7,70,80,6995,0.06456336635256092,0.13511790326970527,-0.21012869742964208,0.3375274960593535,0.14975071304930881,-0.026901044975277486,0.13489922078420988,0.1375553197406371,100.0
ES14,ES14C7,80,90,4937,0.07149948476310529,0.13222715097483828,-0.18517164437387815,0.3292475850042593,0.15032031059145734,-0.018168975587457104,0.13227032308563935,0.13351235913980786,100.0
ES14,ES14C7,90,100,6832,0.07212639516596044,0.13220376996160108,-0.19462762821874643,0.3916906955875282,0.15059898297032492,-0.018984062110014424,0.1321043969245888,0.13346147871579347,99.97072599531616
ES14,ES14C7,100,110,7198,0.07253498411846293,0.13530469114710877,-0.1940378806218769,0.3402698017246737,0.15352095416417968,-0.019320116538501127,0.13526613114723487,0.13663891516915014,100.0
ES14,ES14C7,110,120,6045,0.06708894338919622,0.13429293358505712,-0.1922649974140036,0.3195831306184315,0.15011834776588548,-0.02321286862265873,0.13418074477050032,0.1361738210408262,100.0
ES14,ES14C7,140,150,2089,0.05339534165016354,0.13620591895013812,-0.20112941345337004,0.32372046483968,0.14629803439209044,-0.0401284398621547,0.13644569984072336,0.14222419165105263,100.0
ES14,ES14C7,150,160,6718,0.07054604695136263,0.13490772943710616,-0.18635295977624958,0.3414511171270451,0.15223941737388283,-0.021569461794851447,0.13476392063187057,0.13647914121283394,100.0
ES14,ES14C7,160,170,6848,0.07148824619193754,0.13694839677292006,-0.29569835294521457,0.42478936935751577,0.15448440931780855,-0.020602260660021163,0.1369804176384538,0.1385210740671205,99.98539719626169
ES14,ES14C7,170,180,5065,0.07298951265109341,0.13420734655072591,-0.18635295977624958,0.3284475466577979,0.15277133509016266,-0.021090016807958988,0.13430936368657703,0.1359551175309455,100.0
ES14,ES14C8,0,10,6205,0.05250933467918873,0.1288935799336438,-0.24000359539847615,0.32462002842123416,0.1391789681545372,-0.03600487973352733,0.12547269807391367,0.1305363908133409,97.98549556809024
ES14,ES14C8,10,20,5461,0.07315077061494156,0.12371719970950303,-0.1706058099880756,0.32572966804604264,0.14372536569972907,-0.01817996575632884,0.1236437419975291,0.1249731414746898,99.87181834828786
ES14,ES14C8,20,30,1535,0.07436046725403146,0.12399108653382608,-0.1683848209701616,0.3040788721000498,0.14457962729954948,-0.015899510169410516,0.12370757172836248,0.1247251286892707,99.80456026058631
ES14,ES14C8,30,40,6314,0.07618049006424724,0.12399247972052008,-0.17726706727352043,0.3268410174391481,0.1455252627335627,-0.01569444734105261,0.12372947222012541,0.12472088026153383,99.76243268926196
ES14,ES14C8,40,50,778,0.07077894195466482,0.12743506014389194,-0.1617218539164197,0.30463283702830546,0.14577157877343294,-0.022861720421918294,0.12649592922897385,0.12854523862108433,99.3573264781491
ES14,ES14C8,60,70,4221,0.06908171599563293,0.12680073818950588,-0.1706058099880756,0.31129580408204743,0.1443977516802284,-0.017345026764127938,0.12235674752623957,0.123580029206374,96.54110400379057
ES14,ES14C8,70,80,6995,0.06888545465330785,0.12687190060124268,-0.19170264100581272,0.32517570311778693,0.1443664955069719,-0.01662740816740267,0.12174295824941338,0.12287318090488183,96.45461043602573
ES14,ES14C8,80,90,4937,0.07518469751462871,0.12410506186361682,-0.16720885523662843,0.3168474217426838,0.14510273987950184,-0.00869957238763945,0.1196008129719605,0.1199167920821836,96.55661332793194
ES14,ES14C8,90,100,6832,0.07599122058639031,0.12415841032890557,-0.17775223365902085,0.37554867904406175,0.1455677727438677,-0.008816921286863566,0.11918619920413394,0.11951187464727615,96.16510538641687
ES14,ES14C8,100,110,7198,0.07644567963510411,0.12707650775474982,-0.17109190853143724,0.32948527569824887,0.14829828305822007,-0.006553999170395749,0.12047385921640077,0.1206520023025673,95.23478744095583
ES14,ES14C8,110,120,6045,0.07107125035797426,0.12607075703941528,-0.17220281726454714,0.30728761012035416,0.14472373132260355,-0.007050779480411573,0.11771301910328097,0.11792399398634182,93.79652605459057
ES14,ES14C8,140,150,2089,0.05857122834753477,0.1278257944408644,-0.18108154167763332,0.3106169181389666,0.1406059120897026,-0.01534169480195803,0.1159728680156014,0.1169832198016473,90.28243178554332
ES14,ES14C8,150,160,6718,0.07446387306757622,0.12666069737142532,-0.1660979465035185,0.32948527569824887,0.14692787567660498,-0.0021596647446127173,0.11650897150734663,0.11652898606573743,92.27448645430188
ES14,ES14C8,160,170,6848,0.07529441990116809,0.12860558828153057,-0.27043107653648446,0.4099560861440138,0.14902565888293184,-0.002850122283219652,0.12001152079584566,0.12004535943034618,92.30432242990655
ES14,ES14C8,170,180,5065,0.07694540463821882,0.12598667280746814,-0.16665340087007346,0.314501680524134,0.1476253264857872,0.003165384018391986,0.11319971955871283,0.11324396745149441,90.18756169792695
